IP Address,Common Name
18.236.34.151:443,undefined.cms.qa.linktr.ee
34.209.133.229:443,monolith-qa-lima.linktr.ee
34.211.37.124:443,monolith-qa-charlie.linktr.ee
34.211.87.112:443,monolith-qa-foxtrot.linktr.ee
34.211.163.6:443,monolith-qa-delta.linktr.ee
34.211.241.225:443,link-types.qa.linktr.ee
34.212.61.88:443,public.ltauth.production.linktr.ee
34.212.240.123:443,profiles-api.qa.linktr.ee
34.212.246.168:443,content-moderation.qa.linktr.ee
34.213.17.117:443,ltcommerce-stripe.qa.linktr.ee
34.213.62.33:443,monolith-qa-foxtrot.linktr.ee
34.213.135.35:443,*.linktr.ee
34.213.228.8:443,shopify-store.linktr.ee
34.214.191.159:443,monolith-qa-charlie.linktr.ee
34.215.131.95:443,monolith-qa-hotel.linktr.ee
34.216.227.74:443,monolith-qa-oscar.linktr.ee
34.216.249.252:443,monolith-qa-kilo.linktr.ee
35.81.174.99:443,profiles-api.production.linktr.ee
35.82.172.170:443,monolith-qa-mike.linktr.ee
35.83.53.242:443,*.linktr.ee
35.83.136.49:443,monolith-qa-oscar.linktr.ee
35.83.146.53:443,profiles-api.production.linktr.ee
35.155.14.175:443,monolith-qa-kilo.linktr.ee
35.155.134.241:443,matching.production.linktr.ee
35.155.135.230:443,lookerbot.production.linktr.ee
35.160.63.149:443,*.linktr.ee
35.160.171.253:443,monolith-qa-november.linktr.ee
35.162.134.214:443,*.linktr.ee
35.162.131.109:443,monolith-qa-foxtrot.linktr.ee
35.162.188.133:443,*.linktr.ee
35.162.253.168:443,lttransactions.production.linktr.ee
35.163.62.214:443,monolith-qa-mike.linktr.ee
35.163.137.215:443,public.ltauth.qa.linktr.ee
35.163.191.137:443,*.linktr.ee
35.165.25.76:443,qa.shopify-store.linktr.ee
35.165.9.16:443,matching.qa.linktr.ee
35.165.95.133:443,profiles-api.production.linktr.ee
35.165.199.146:443,authiamapi.qa.linktr.ee
35.166.76.242:443,*.linktr.ee
35.166.214.214:443,*.linktr.ee
35.167.102.132:443,content-moderation.qa.linktr.ee
35.167.234.215:443,lttransactions.qa.linktr.ee
44.224.50.203:443,monolith-qa-golf.linktr.ee
44.224.242.140:443,maestro.qa.linktr.ee
44.226.46.28:443,userinfo.qa.linktr.ee
44.226.32.167:443,monolith-qa-india.linktr.ee
44.227.19.58:443,lookerbot.production.linktr.ee
44.227.74.108:443,monolith-qa-juliett.linktr.ee
44.228.23.244:443,*.linktr.ee
44.228.19.238:443,lttransactions.production.linktr.ee
44.228.46.173:443,public.ltauth.qa.linktr.ee
44.228.137.49:443,shopify-store.linktr.ee
44.228.123.48:443,ltcommerce-stripe.production.linktr.ee
44.229.214.133:443,monolith-qa-india.linktr.ee
44.230.117.104:443,lttransactions.production.linktr.ee
44.231.81.45:443,lookerbot.production.linktr.ee
44.231.34.125:443,monolith-qa-alpha.linktr.ee
44.231.117.56:443,lttransactions.qa.linktr.ee
44.231.183.247:443,link-types.qa.linktr.ee
44.231.185.111:443,*.linktr.ee
44.232.17.178:443,monolith-qa-november.linktr.ee
44.233.238.190:443,content-moderation.production.linktr.ee
44.234.194.157:443,maestro.production.linktr.ee
44.235.124.4:443,*.linktr.ee
44.236.169.178:443,monolith-qa-juliett.linktr.ee
44.236.174.121:443,odesli.production.linktr.ee
44.236.198.170:443,monolith-qa-juliett.linktr.ee
44.237.25.150:443,profiles-api.qa.linktr.ee
44.236.195.126:443,userinfo.production.linktr.ee
44.237.81.87:443,*.linktr.ee
44.237.57.115:443,lookerbot.production.linktr.ee
44.239.65.33:443,public.ltauth.production.linktr.ee
44.239.88.194:443,userinfo.qa.linktr.ee
44.239.99.73:443,content-moderation.production.linktr.ee
44.239.245.229:443,qa.shopify-store.linktr.ee
44.240.163.69:443,monolith-qa-hotel.linktr.ee
44.241.141.255:443,*.linktr.ee
44.242.42.51:443,undefined.cms.qa.linktr.ee
52.10.138.241:443,monolith-qa-india.linktr.ee
52.10.145.99:443,profiles-api.production.linktr.ee
52.10.153.44:443,odesli.qa.linktr.ee
52.10.226.140:443,lttransactions.production.linktr.ee
52.24.68.171:443,ltcommerce-stripe.qa.linktr.ee
52.25.143.74:443,odesli.qa.linktr.ee
52.26.74.154:443,userinfo.production.linktr.ee
52.26.147.78:443,userinfo.production.linktr.ee
52.26.123.211:443,matching.qa.linktr.ee
52.33.129.90:443,*.linktr.ee
52.34.48.13:443,undefined.cms.qa.linktr.ee
52.34.29.97:443,userinfo.production.linktr.ee
52.34.83.171:443,profiles-api.qa.linktr.ee
52.34.93.48:443,monolith-qa-echo.linktr.ee
52.34.170.58:443,maestro.production.linktr.ee
52.35.52.13:443,*.linktr.ee
52.35.160.204:443,*.linktr.ee
52.35.189.210:443,monolith-qa-india.linktr.ee
52.36.53.236:443,matching.production.linktr.ee
52.36.123.54:443,odesli.production.linktr.ee
52.37.246.135:443,authiamapi.qa.linktr.ee
52.38.27.52:443,monolith-qa-alpha.linktr.ee
52.38.79.18:443,ltcommerce-stripe.qa.linktr.ee
52.38.166.130:443,public.ltauth.production.linktr.ee
52.39.233.186:443,lttransactions.qa.linktr.ee
52.39.236.77:443,monolith-qa-mike.linktr.ee
52.40.57.12:443,monolith-qa-lima.linktr.ee
52.40.57.106:443,authiamapi.qa.linktr.ee
52.40.124.156:443,maestro.production.linktr.ee
52.41.194.136:443,content-moderation.qa.linktr.ee
52.42.58.34:443,backstage.platform.linktr.ee
52.42.95.83:443,content-moderation.production.linktr.ee
52.42.221.101:443,public.ltauth.qa.linktr.ee
52.43.112.72:443,content-moderation.qa.linktr.ee
52.43.150.71:443,monolith-qa-echo.linktr.ee
52.43.237.79:443,ltcommerce-stripe.production.linktr.ee
52.88.50.104:443,odesli.qa.linktr.ee
52.88.86.85:443,userinfo.qa.linktr.ee
52.88.108.20:443,content-moderation.production.linktr.ee
52.88.117.151:443,monolith-qa-delta.linktr.ee
52.88.212.130:443,authiamapi.qa.linktr.ee
52.89.161.38:443,public.ltauth.production.linktr.ee
52.89.113.245:443,undefined.cms.qa.linktr.ee
52.89.206.17:443,matching.qa.linktr.ee
52.89.206.116:443,monolith-qa-november.linktr.ee
52.89.237.220:443,monolith-qa-charlie.linktr.ee
54.69.104.185:443,link-types.qa.linktr.ee
54.70.40.71:443,maestro.production.linktr.ee
54.70.219.72:443,maestro.qa.linktr.ee
54.70.253.21:443,*.linktr.ee
54.148.136.93:443,*.linktr.ee
54.148.218.170:443,matching.qa.linktr.ee
54.149.39.131:443,shopify-store.linktr.ee
54.149.60.148:443,matching.production.linktr.ee
54.149.151.161:443,*.linktr.ee
54.149.176.137:443,maestro.qa.linktr.ee
54.185.23.245:443,monolith-qa-golf.linktr.ee
54.185.235.57:443,matching.production.linktr.ee
54.186.7.130:443,ltcommerce-stripe.qa.linktr.ee
54.186.59.182:443,profiles-api.qa.linktr.ee
54.186.171.113:443,monolith-qa-foxtrot.linktr.ee
54.187.237.43:443,monolith-qa-mike.linktr.ee
54.188.27.220:443,link-types.production.linktr.ee
54.189.126.21:443,public.ltauth.qa.linktr.ee
54.189.208.35:443,*.linktr.ee
54.191.196.129:443,monolith-qa-alpha.linktr.ee
54.200.11.28:443,monolith-qa-bravo.linktr.ee
54.200.217.108:443,ltcommerce-stripe.production.linktr.ee
54.201.58.68:443,*.linktr.ee
54.201.154.190:443,link-types.production.linktr.ee
54.201.181.36:443,link-types.qa.linktr.ee
54.203.24.60:443,maestro.qa.linktr.ee
54.203.232.173:443,monolith-qa-oscar.linktr.ee
54.212.156.173:443,odesli.production.linktr.ee
54.213.126.67:443,monolith-qa-delta.linktr.ee
54.214.132.242:443,lttransactions.qa.linktr.ee
54.244.95.56:443,ltcommerce-stripe.production.linktr.ee
54.244.222.61:443,monolith-qa-golf.linktr.ee
54.245.67.252:443,monolith-qa-bravo.linktr.ee
100.20.0.10:443,*.linktr.ee
100.20.2.187:443,qa.shopify-store.linktr.ee
100.20.0.110:443,*.linktr.ee
100.21.13.89:443,*.linktr.ee
100.21.52.64:443,*.linktr.ee
100.21.87.150:443,odesli.qa.linktr.ee
100.21.72.173:443,monolith-qa-bravo.linktr.ee